{
    "0": {
        "node_id": 0,
        "xy": [
            520,
            260
        ],
        "lnglat": [
            139.68866286534484,
            35.674940414414415
        ],
        "total_length": 1119.7335563431486
    },
    "1": {
        "node_id": 1,
        "xy": [
            780,
            460
        ],
        "lnglat": [
            139.68938369282688,
            35.674489963963964
        ],
        "total_length": 1119.7335563431486
    },
    "2": {
        "node_id": 2,
        "xy": [
            980,
            780
        ],
        "lnglat": [
            139.68993817550538,
            35.67376924324324
        ],
        "total_length": 1119.7335563431486
    },
    "3": {
        "node_id": 3,
        "xy": [
            660,
            1080
        ],
        "lnglat": [
            139.6890510032198,
            35.67309356756757
        ],
        "total_length": 1119.7335563431486
    },
    "4": {
        "node_id": 4,
        "xy": [
            1120,
            1460
        ],
        "lnglat": [
            139.69032631338033,
            35.67223771171171
        ],
        "total_length": 1119.7335563431486
    },
    "5": {
        "node_id": 5,
        "xy": [
            850,
            1820
        ],
        "lnglat": [
            139.68957776176435,
            35.6714269009009
        ],
        "total_length": 1119.7335563431486
    },
    "6": {
        "node_id": 6,
        "xy": [
            1380,
            2060
        ],
        "lnglat": [
            139.69104714086237,
            35.67088636036036
        ],
        "total_length": 1119.7335563431486
    },
    "7": {
        "node_id": 7,
        "xy": [
            1000,
            2350
        ],
        "lnglat": [
            139.68999362377323,
            35.670233207207204
        ],
        "total_length": 1119.7335563431486
    },
    "8": {
        "node_id": 8,
        "xy": [
            1480,
            2620
        ],
        "lnglat": [
            139.69132438220163,
            35.6696250990991
        ],
        "total_length": 1119.7335563431486
    },
    "9": {
        "node_id": 9,
        "xy": [
            1180,
            2900
        ],
        "lnglat": [
            139.69049265818387,
            35.66899446846847
        ],
        "total_length": 1119.7335563431486
    }
}