{
    "0": {
        "node_id": 0,
        "xy": [
            350,
            3900
        ],
        "lnglat": [
            121.51040794929928,
            25.026776216216213
        ],
        "total_length": 757.4896581660938
    },
    "1": {
        "node_id": 1,
        "xy": [
            600,
            3600
        ],
        "lnglat": [
            121.51102937725882,
            25.02745189189189
        ],
        "total_length": 757.4896581660938
    },
    "2": {
        "node_id": 2,
        "xy": [
            850,
            3700
        ],
        "lnglat": [
            121.51165080521838,
            25.027226666666664
        ],
        "total_length": 757.4896581660938
    },
    "3": {
        "node_id": 3,
        "xy": [
            1100,
            3350
        ],
        "lnglat": [
            121.51227223317794,
            25.028014954954955
        ],
        "total_length": 757.4896581660938
    },
    "4": {
        "node_id": 4,
        "xy": [
            1350,
            3400
        ],
        "lnglat": [
            121.5128936611375,
            25.02790234234234
        ],
        "total_length": 757.4896581660938
    },
    "5": {
        "node_id": 5,
        "xy": [
            1600,
            3100
        ],
        "lnglat": [
            121.51351508909704,
            25.028578018018017
        ],
        "total_length": 757.4896581660938
    },
    "6": {
        "node_id": 6,
        "xy": [
            1850,
            3150
        ],
        "lnglat": [
            121.5141365170566,
            25.028465405405402
        ],
        "total_length": 757.4896581660938
    },
    "7": {
        "node_id": 7,
        "xy": [
            2100,
            2800
        ],
        "lnglat": [
            121.51475794501616,
            25.029253693693693
        ],
        "total_length": 757.4896581660938
    },
    "8": {
        "node_id": 8,
        "xy": [
            2350,
            2900
        ],
        "lnglat": [
            121.51537937297572,
            25.029028468468468
        ],
        "total_length": 757.4896581660938
    },
    "9": {
        "node_id": 9,
        "xy": [
            2600,
            2550
        ],
        "lnglat": [
            121.51600080093527,
            25.029816756756755
        ],
        "total_length": 757.4896581660938
    },
    "10": {
        "node_id": 10,
        "xy": [
            2850,
            2650
        ],
        "lnglat": [
            121.51662222889482,
            25.02959153153153
        ],
        "total_length": 757.4896581660938
    }
}