{
    "0": {
        "node_id": 0,
        "xy": [
            1669,
            3393
        ],
        "lnglat": [
            103.84112237343767,
            1.2867381081081084
        ],
        "total_length": 524.3000707227156
    },
    "1": {
        "node_id": 1,
        "xy": [
            2225,
            3573
        ],
        "lnglat": [
            103.84237494303449,
            1.286332702702703
        ],
        "total_length": 524.3000707227156
    },
    "2": {
        "node_id": 2,
        "xy": [
            2417,
            3257
        ],
        "lnglat": [
            103.84280748505353,
            1.2870444144144146
        ],
        "total_length": 524.3000707227156
    },
    "3": {
        "node_id": 3,
        "xy": [
            2618,
            3509
        ],
        "lnglat": [
            103.8432603024797,
            1.286476846846847
        ],
        "total_length": 524.3000707227156
    },
    "4": {
        "node_id": 4,
        "xy": [
            2603,
            3637
        ],
        "lnglat": [
            103.84322651013447,
            1.2861885585585588
        ],
        "total_length": 524.3000707227156
    },
    "5": {
        "node_id": 5,
        "xy": [
            2594,
            3803
        ],
        "lnglat": [
            103.84320623472733,
            1.285814684684685
        ],
        "total_length": 524.3000707227156
    },
    "6": {
        "node_id": 6,
        "xy": [
            2771,
            3816
        ],
        "lnglat": [
            103.84360498440113,
            1.2857854054054056
        ],
        "total_length": 524.3000707227156
    },
    "7": {
        "node_id": 7,
        "xy": [
            2957,
            3785
        ],
        "lnglat": [
            103.84402400948207,
            1.2858552252252256
        ],
        "total_length": 524.3000707227156
    },
    "8": {
        "node_id": 8,
        "xy": [
            3340,
            3540
        ],
        "lnglat": [
            103.84488684069714,
            1.2864070270270271
        ],
        "total_length": 524.3000707227156
    },
    "9": {
        "node_id": 9,
        "xy": [
            3363,
            3378
        ],
        "lnglat": [
            103.8449386556265,
            1.286771891891892
        ],
        "total_length": 524.3000707227156
    },
    "10": {
        "node_id": 10,
        "xy": [
            3395,
            3224
        ],
        "lnglat": [
            103.84501074596301,
            1.287118738738739
        ],
        "total_length": 524.3000707227156
    },
    "11": {
        "node_id": 11,
        "xy": [
            3412,
            3102
        ],
        "lnglat": [
            103.84504904395428,
            1.2873935135135137
        ],
        "total_length": 524.3000707227156
    },
    "12": {
        "node_id": 12,
        "xy": [
            3246,
            3084
        ],
        "lnglat": [
            103.84467507533365,
            1.2874340540540543
        ],
        "total_length": 524.3000707227156
    }
}