{
    "0": {
        "node_id": 0,
        "xy": [
            800,
            1500
        ],
        "lnglat": [
            103.83916467023691,
            1.2910016216216218
        ],
        "total_length": 821.7919470879535
    },
    "1": {
        "node_id": 1,
        "xy": [
            1100,
            1780
        ],
        "lnglat": [
            103.83984051714167,
            1.2903709909909913
        ],
        "total_length": 821.7919470879535
    },
    "2": {
        "node_id": 2,
        "xy": [
            1450,
            2000
        ],
        "lnglat": [
            103.84062900519721,
            1.2898754954954956
        ],
        "total_length": 821.7919470879535
    },
    "3": {
        "node_id": 3,
        "xy": [
            1750,
            1900
        ],
        "lnglat": [
            103.84130485210196,
            1.290100720720721
        ],
        "total_length": 821.7919470879535
    },
    "4": {
        "node_id": 4,
        "xy": [
            2050,
            2150
        ],
        "lnglat": [
            103.84198069900671,
            1.2895376576576578
        ],
        "total_length": 821.7919470879535
    },
    "5": {
        "node_id": 5,
        "xy": [
            2380,
            2350
        ],
        "lnglat": [
            103.84272413060194,
            1.2890872072072075
        ],
        "total_length": 821.7919470879535
    },
    "6": {
        "node_id": 6,
        "xy": [
            2700,
            2250
        ],
        "lnglat": [
            103.843445033967,
            1.2893124324324328
        ],
        "total_length": 821.7919470879535
    },
    "7": {
        "node_id": 7,
        "xy": [
            3000,
            2100
        ],
        "lnglat": [
            103.84412088087176,
            1.2896502702702706
        ],
        "total_length": 821.7919470879535
    },
    "8": {
        "node_id": 8,
        "xy": [
            3320,
            2750
        ],
        "lnglat": [
            103.84484178423682,
            1.2881863063063066
        ],
        "total_length": 821.7919470879535
    },
    "9": {
        "node_id": 9,
        "xy": [
            3650,
            2450
        ],
        "lnglat": [
            103.84558521583205,
            1.2888619819819822
        ],
        "total_length": 821.7919470879535
    },
    "10": {
        "node_id": 10,
        "xy": [
            3950,
            3300
        ],
        "lnglat": [
            103.8462610627368,
            1.286947567567568
        ],
        "total_length": 821.7919470879535
    }
}