{
    "0": {
        "node_id": 0,
        "xy": [
            1669,
            3393
        ],
        "lnglat": [
            139.6918483683328,
            35.667884108108105
        ],
        "total_length": 771.721426809399
    },
    "1": {
        "node_id": 1,
        "xy": [
            2225,
            3573
        ],
        "lnglat": [
            139.69338983017903,
            35.6674787027027
        ],
        "total_length": 771.721426809399
    },
    "2": {
        "node_id": 2,
        "xy": [
            2417,
            3257
        ],
        "lnglat": [
            139.6939221335504,
            35.66819041441441
        ],
        "total_length": 771.721426809399
    },
    "3": {
        "node_id": 3,
        "xy": [
            2618,
            3509
        ],
        "lnglat": [
            139.6944793886423,
            35.66762284684685
        ],
        "total_length": 771.721426809399
    },
    "4": {
        "node_id": 4,
        "xy": [
            2603,
            3637
        ],
        "lnglat": [
            139.6944378024414,
            35.66733455855856
        ],
        "total_length": 771.721426809399
    },
    "5": {
        "node_id": 5,
        "xy": [
            2594,
            3803
        ],
        "lnglat": [
            139.69441285072088,
            35.66696068468468
        ],
        "total_length": 771.721426809399
    },
    "6": {
        "node_id": 6,
        "xy": [
            2771,
            3816
        ],
        "lnglat": [
            139.69490356789134,
            35.66693140540541
        ],
        "total_length": 771.721426809399
    },
    "7": {
        "node_id": 7,
        "xy": [
            2957,
            3785
        ],
        "lnglat": [
            139.69541923678236,
            35.66700122522523
        ],
        "total_length": 771.721426809399
    },
    "8": {
        "node_id": 8,
        "xy": [
            3340,
            3540
        ],
        "lnglat": [
            139.69648107111166,
            35.667553027027026
        ],
        "total_length": 771.721426809399
    },
    "9": {
        "node_id": 9,
        "xy": [
            3363,
            3378
        ],
        "lnglat": [
            139.6965448366197,
            35.66791789189189
        ],
        "total_length": 771.721426809399
    },
    "10": {
        "node_id": 10,
        "xy": [
            3395,
            3224
        ],
        "lnglat": [
            139.69663355384827,
            35.668264738738735
        ],
        "total_length": 771.721426809399
    },
    "11": {
        "node_id": 11,
        "xy": [
            3412,
            3102
        ],
        "lnglat": [
            139.69668068487593,
            35.668539513513515
        ],
        "total_length": 771.721426809399
    },
    "12": {
        "node_id": 12,
        "xy": [
            3246,
            3084
        ],
        "lnglat": [
            139.69622046425278,
            35.668580054054054
        ],
        "total_length": 771.721426809399
    }
}