{
    "0": {
        "node_id": 0,
        "xy": [
            800,
            1500
        ],
        "lnglat": [
            -122.45689031830679,
            37.75662162162162
        ],
        "total_length": 1115.449659747041
    },
    "1": {
        "node_id": 1,
        "xy": [
            1100,
            1780
        ],
        "lnglat": [
            -122.45603571632826,
            37.75599099099099
        ],
        "total_length": 1115.449659747041
    },
    "2": {
        "node_id": 2,
        "xy": [
            1450,
            2000
        ],
        "lnglat": [
            -122.45503868068664,
            37.755495495495495
        ],
        "total_length": 1115.449659747041
    },
    "3": {
        "node_id": 3,
        "xy": [
            1750,
            1900
        ],
        "lnglat": [
            -122.45418407870811,
            37.75572072072072
        ],
        "total_length": 1115.449659747041
    },
    "4": {
        "node_id": 4,
        "xy": [
            2050,
            2150
        ],
        "lnglat": [
            -122.45332947672958,
            37.755157657657655
        ],
        "total_length": 1115.449659747041
    },
    "5": {
        "node_id": 5,
        "xy": [
            2380,
            2350
        ],
        "lnglat": [
            -122.4523894145532,
            37.754707207207204
        ],
        "total_length": 1115.449659747041
    },
    "6": {
        "node_id": 6,
        "xy": [
            2700,
            2250
        ],
        "lnglat": [
            -122.45147783910943,
            37.75493243243243
        ],
        "total_length": 1115.449659747041
    },
    "7": {
        "node_id": 7,
        "xy": [
            3000,
            2100
        ],
        "lnglat": [
            -122.4506232371309,
            37.75527027027027
        ],
        "total_length": 1115.449659747041
    },
    "8": {
        "node_id": 8,
        "xy": [
            3320,
            2750
        ],
        "lnglat": [
            -122.44971166168713,
            37.75380630630631
        ],
        "total_length": 1115.449659747041
    },
    "9": {
        "node_id": 9,
        "xy": [
            3650,
            2450
        ],
        "lnglat": [
            -122.44877159951075,
            37.75448198198198
        ],
        "total_length": 1115.449659747041
    },
    "10": {
        "node_id": 10,
        "xy": [
            3950,
            3300
        ],
        "lnglat": [
            -122.44791699753222,
            37.75256756756757
        ],
        "total_length": 1115.449659747041
    }
}