{
    "0": {
        "node_id": 0,
        "xy": [
            1669,
            3393
        ],
        "lnglat": [
            -122.45441482124231,
            37.752358108108105
        ],
        "total_length": 721.1506052477557
    },
    "1": {
        "node_id": 1,
        "xy": [
            2225,
            3573
        ],
        "lnglat": [
            -122.45283095890876,
            37.7519527027027
        ],
        "total_length": 721.1506052477557
    },
    "2": {
        "node_id": 2,
        "xy": [
            2417,
            3257
        ],
        "lnglat": [
            -122.45228401364251,
            37.75266441441441
        ],
        "total_length": 721.1506052477557
    },
    "3": {
        "node_id": 3,
        "xy": [
            2618,
            3509
        ],
        "lnglat": [
            -122.45171143031689,
            37.75209684684685
        ],
        "total_length": 721.1506052477557
    },
    "4": {
        "node_id": 4,
        "xy": [
            2603,
            3637
        ],
        "lnglat": [
            -122.45175416041582,
            37.75180855855856
        ],
        "total_length": 721.1506052477557
    },
    "5": {
        "node_id": 5,
        "xy": [
            2594,
            3803
        ],
        "lnglat": [
            -122.45177979847517,
            37.75143468468468
        ],
        "total_length": 721.1506052477557
    },
    "6": {
        "node_id": 6,
        "xy": [
            2771,
            3816
        ],
        "lnglat": [
            -122.45127558330785,
            37.75140540540541
        ],
        "total_length": 721.1506052477557
    },
    "7": {
        "node_id": 7,
        "xy": [
            2957,
            3785
        ],
        "lnglat": [
            -122.45074573008115,
            37.75147522522523
        ],
        "total_length": 721.1506052477557
    },
    "8": {
        "node_id": 8,
        "xy": [
            3340,
            3540
        ],
        "lnglat": [
            -122.4496546882219,
            37.752027027027026
        ],
        "total_length": 721.1506052477557
    },
    "9": {
        "node_id": 9,
        "xy": [
            3363,
            3378
        ],
        "lnglat": [
            -122.44958916873688,
            37.75239189189189
        ],
        "total_length": 721.1506052477557
    },
    "10": {
        "node_id": 10,
        "xy": [
            3395,
            3224
        ],
        "lnglat": [
            -122.4494980111925,
            37.752738738738735
        ],
        "total_length": 721.1506052477557
    },
    "11": {
        "node_id": 11,
        "xy": [
            3412,
            3102
        ],
        "lnglat": [
            -122.44944958374705,
            37.753013513513515
        ],
        "total_length": 721.1506052477557
    },
    "12": {
        "node_id": 12,
        "xy": [
            3246,
            3084
        ],
        "lnglat": [
            -122.4499224635085,
            37.753054054054054
        ],
        "total_length": 721.1506052477557
    }
}