{
    "0": {
        "node_id": 0,
        "xy": [
            1669,
            3393
        ],
        "lnglat": [
            121.51368660321388,
            25.027918108108107
        ],
        "total_length": 644.3947002838131
    },
    "1": {
        "node_id": 1,
        "xy": [
            2225,
            3573
        ],
        "lnglat": [
            121.51506865899593,
            25.0275127027027
        ],
        "total_length": 644.3947002838131
    },
    "2": {
        "node_id": 2,
        "xy": [
            2417,
            3257
        ],
        "lnglat": [
            121.51554591566888,
            25.028224414414414
        ],
        "total_length": 644.3947002838131
    },
    "3": {
        "node_id": 3,
        "xy": [
            2618,
            3509
        ],
        "lnglat": [
            121.51604554374836,
            25.027656846846845
        ],
        "total_length": 644.3947002838131
    },
    "4": {
        "node_id": 4,
        "xy": [
            2603,
            3637
        ],
        "lnglat": [
            121.51600825807078,
            25.027368558558557
        ],
        "total_length": 644.3947002838131
    },
    "5": {
        "node_id": 5,
        "xy": [
            2594,
            3803
        ],
        "lnglat": [
            121.51598588666424,
            25.026994684684684
        ],
        "total_length": 644.3947002838131
    },
    "6": {
        "node_id": 6,
        "xy": [
            2771,
            3816
        ],
        "lnglat": [
            121.5164258576596,
            25.026965405405402
        ],
        "total_length": 644.3947002838131
    },
    "7": {
        "node_id": 7,
        "xy": [
            2957,
            3785
        ],
        "lnglat": [
            121.51688820006152,
            25.027035225225223
        ],
        "total_length": 644.3947002838131
    },
    "8": {
        "node_id": 8,
        "xy": [
            3340,
            3540
        ],
        "lnglat": [
            121.51784022769556,
            25.027587027027025
        ],
        "total_length": 644.3947002838131
    },
    "9": {
        "node_id": 9,
        "xy": [
            3363,
            3378
        ],
        "lnglat": [
            121.51789739906783,
            25.02795189189189
        ],
        "total_length": 644.3947002838131
    },
    "10": {
        "node_id": 10,
        "xy": [
            3395,
            3224
        ],
        "lnglat": [
            121.51797694184665,
            25.028298738738737
        ],
        "total_length": 644.3947002838131
    },
    "11": {
        "node_id": 11,
        "xy": [
            3412,
            3102
        ],
        "lnglat": [
            121.5180191989479,
            25.02857351351351
        ],
        "total_length": 644.3947002838131
    },
    "12": {
        "node_id": 12,
        "xy": [
            3246,
            3084
        ],
        "lnglat": [
            121.51760657078276,
            25.028614054054053
        ],
        "total_length": 644.3947002838131
    }
}